name,email
Alice Johnson,alice@example.com
Bob Smith,bob@example.com
Carol Williams,carol@example.com
David Brown,david@example.com
Emma Davis,emma@example.com
Frank Miller,frank@example.com
Grace Wilson,grace@example.com
Henry Moore,henry@example.com
Ivy Taylor,ivy@example.com
Jack Anderson,jack@example.com
Karen Thomas,karen@example.com
Leo Jackson,leo@example.com
Mary White,mary@example.com
Nathan Harris,nathan@example.com
Olivia Martin,olivia@example.com
Paul Thompson,paul@example.com
Quinn Garcia,quinn@example.com
Rachel Martinez,rachel@example.com
Steven Robinson,steven@example.com
Tina Clark,tina@example.com
Uma Rodriguez,uma@example.com
Victor Lewis,victor@example.com
Wendy Lee,wendy@example.com
Xavier Walker,xavier@example.com
Yara Hall,yara@example.com
Zachary Allen,zachary@example.com
Amy Young,amy@example.com
Brian King,brian@example.com
Catherine Wright,catherine@example.com
Daniel Lopez,daniel@example.com
Elizabeth Hill,elizabeth@example.com
Frederick Scott,frederick@example.com
Gabriella Green,gabriella@example.com
Harrison Adams,harrison@example.com
Isabella Baker,isabella@example.com
James Nelson,james@example.com
Katherine Carter,katherine@example.com
Liam Mitchell,liam@example.com
Monica Perez,monica@example.com
Nicholas Roberts,nicholas@example.com
Ophelia Turner,ophelia@example.com
Patrick Phillips,patrick@example.com
Quincy Campbell,quincy@example.com
Rebecca Parker,rebecca@example.com
Samuel Evans,samuel@example.com
Teresa Edwards,teresa@example.com
Ulysses Collins,ulysses@example.com
Vanessa Stewart,vanessa@example.com
William Sanchez,william@example.com
Xena Morris,xena@example.com
Yvonne Rogers,yvonne@example.com
